---SQL syntax for insert data

INSERT INTO Autocar (id_autocar, marca_autocar, numar_locuri, consum, sofer, an_fabricatie, greutate, norma_poluare, capacitate_motor, tip_combustibil)
VALUES
  (1, 'Mercedes-Benz', 50, '10 l/100km', 'Ion Popescu', '2019', 12000, 5, 3000, 'Motorină'),
  (2, 'Volvo', 45, '9 l/100km', 'Maria Radu', '2020', 11000, 4, 2800, 'Motorină'),
  (3, 'MAN', 55, '12 l/100km', 'Andrei Ionescu', '2018', 13000, 6, 3200, 'Benzină'),
  (4, 'Scania', 50, '11 l/100km', 'Elena Vasilescu', '2021', 12500, 5, 3100, 'Motorină'),
  (5, 'Iveco', 48, '10.5 l/100km', 'Gabriel Stoica', '2017', 11500, 4, 2900, 'Benzină'),
  (6, 'Setra', 52, '11.5 l/100km', 'Ana Dumitru', '2019', 11800, 5, 3050, 'Motorină'),
  (7, 'Renault', 53, '11 l/100km', 'Mihai Georgescu', '2020', 12200, 6, 3150, 'Benzină'),
  (8, 'Neoplan', 49, '10.8 l/100km', 'Adrian Radulescu', '2018', 11600, 4, 2950, 'Motorină'),
  (9, 'Van Hool', 47, '10.2 l/100km', 'Carmen Marinescu', '2017', 11200, 4, 2850, 'Benzină'),
  (10, 'DAF', 51, '11.2 l/100km', 'Alexandru Iacob', '2021', 12400, 5, 3120, 'Motorină'),
  (11, 'Mercedes-Benz', 46, '10.5 l/100km', 'Laura Popa', '2020', 11300, 4, 2920, 'Benzină'),
  (12, 'Volvo', 50, '9 l/100km', 'Marius Stanescu', '2019', 12000, 5, 3000, 'Motorină'),
  (13, 'MAN', 45, '12 l/100km', 'Andreea Luca', '2018', 11000, 4, 2800, 'Motorină'),
  (14, 'Scania', 55, '11 l/100km', 'George Popescu', '2021', 13000, 6, 3200, 'Benzină'),
  (15, 'Iveco', 50, '10.5 l/100km', 'Ana Radu', '2017', 12500, 5, 3100, 'Motorină'),
  (16, 'Setra', 48, '11.5 l/100km', 'Vlad Mircea', '2019', 11500, 4, 2900, 'Benzină'),
  (17, 'Renault', 52, '11 l/100km', 'Simona Munteanu', '2020', 11800, 5, 3050, 'Motorină'),
  (18, 'Neoplan', 53, '10.8 l/100km', 'Radu Stanciu', '2018', 12200, 6, 3150, 'Benzină'),
  (19, 'Van Hool', 49, '10.2 l/100km', 'Catalin Ilie', '2017', 11600, 4, 2950, 'Motorină'),
  (20, 'DAF', 47, '11.2 l/100km', 'Ioana Popa', '2021', 11200, 4, 2850, 'Benzină'),
  (21, 'Mercedes-Benz', 51, '10.5 l/100km', 'Mihai Ionescu', '2020', 12400, 5, 3120, 'Motorină'),
  (22, 'Volvo', 46, '9 l/100km', 'Elena Vasile', '2019', 11300, 4, 2920, 'Benzină'),
  (23, 'MAN', 50, '12 l/100km', 'Radu Popescu', '2018', 12000, 5, 3000, 'Motorină'),
  (24, 'Scania', 45, '11 l/100km', 'Andrei Moldovan', '2021', 11000, 4, 2800, 'Motorină'),
  (25, 'Iveco', 55, '10.5 l/100km', 'Ana Maria Popa', '2017', 13000, 6, 3200, 'Benzină'),
  (26, 'Setra', 50, '11.5 l/100km', 'Cristian Stoian', '2019', 12500, 5, 3100, 'Motorină'),
  (27, 'Renault', 48, '11 l/100km', 'Bianca Vasile', '2020', 11500, 4, 2900, 'Benzină'),
  (28, 'Neoplan', 52, '10.8 l/100km', 'Stefan Popescu', '2018', 11800, 5, 3050, 'Motorină'),
  (29, 'Van Hool', 53, '10.2 l/100km', 'Diana Ionescu', '2017', 12200, 6, 3150, 'Benzină'),
  (30, 'DAF', 49, '11.2 l/100km', 'Alexandra Radu', '2021', 11600, 4, 2950, 'Motorină'),
  (31, 'Mercedes-Benz', 47, '10.5 l/100km', 'Vladimir Iliescu', '2020', 11200, 4, 2850, 'Benzină'),
  (32, 'Volvo', 51, '9 l/100km', 'Elena Ionescu', '2019', 12400, 5, 3120, 'Motorină'),
  (33, 'MAN', 46, '12 l/100km', 'Catalin Popescu', '2018', 11300, 4, 2920, 'Benzină'),
  (34, 'Scania', 50, '11 l/100km', 'Alina Radulescu', '2021', 12000, 5, 3000, 'Motorină'),
  (35, 'Iveco', 45, '10.5 l/100km', 'Alexandra Stanescu', '2017', 11000, 4, 2800, 'Motorină'),
  (36, 'Setra', 55, '11.5 l/100km', 'Stefan Popa', '2019', 13000, 6, 3200, 'Benzină'),
  (37, 'Renault', 50, '11 l/100km', 'Maria Iacob', '2020', 12500, 5, 3100, 'Motorină'),
  (38, 'Neoplan', 48, '10.8 l/100km', 'Radu Vlad', '2018', 11500, 4, 2900, 'Benzină'),
  (39, 'Van Hool', 52, '10.2 l/100km', 'Larisa Popa', '2017', 11800, 5, 3050, 'Motorină'),
  (40, 'DAF', 53, '11.2 l/100km', 'Vasile Ionescu', '2021', 12200, 6, 3150, 'Benzină'),
  (41, 'Mercedes-Benz', 49, '10.5 l/100km', 'Ana Maria Iliescu', '2020', 11600, 4, 2950, 'Motorină'),
  (42, 'Volvo', 47, '9 l/100km', 'Vlad Munteanu', '2019', 11200, 4, 2850, 'Benzină'),
  (43, 'MAN', 51, '12 l/100km', 'Andreea Ionescu', '2018', 12400, 5, 3120, 'Motorină'),
  (44, 'Scania', 46, '11 l/100km', 'Mihai Radu', '2021', 11300, 4, 2920, 'Benzină'),
  (45, 'Iveco', 50, '10.5 l/100km', 'Ioana Stanescu', '2017', 12000, 5, 3000, 'Motorină'),
  (46, 'Setra', 55, '11.5 l/100km', 'Andrei Popa', '2019', 12500, 5, 3100, 'Motorină'),
  (47, 'Renault', 50, '11 l/100km', 'Elena Moldovan', '2020', 13000, 6, 3200, 'Benzină'),
  (48, 'Neoplan', 48, '10.8 l/100km', 'Vladimir Radulescu', '2018', 11800, 5, 3050, 'Motorină'),
  (49, 'Van Hool', 52, '10.2 l/100km', 'Mariana Ionescu', '2017', 12200, 6, 3150, 'Benzină'),
  (50, 'DAF', 53, '11.2 l/100km', 'Bogdan Popa', '2021', 11600, 4, 2950, 'Motorină');


INSERT INTO Meci (id_meci, nume_echipa1, nume_echipa2, scor, locatie, ora, numar_spectatori, numar_cartonase, obs_meci)
VALUES
  (1, 'Steaua', 'Dinamo', '2-1', 'Stadionul National', '18:00:00', 25000, 3, 'Vreme frumoasa'),
  (2, 'Universitatea Craiova', 'CFR Cluj', '0-0', 'Stadionul Ion Oblemenco', '20:30:00', 18000, 5, 'Terren umed'),
  (3, 'FCSB', 'Astra Giurgiu', '3-2', 'Arena Nationala', '17:45:00', 30000, 4, 'Meci tensionat'),
  (4, 'Viitorul', 'Chindia Targoviste', '1-0', 'Stadionul Viitorul', '19:15:00', 12000, 2, 'Echipa oaspete in forma buna'),
  (5, 'Politehnica Iasi', 'Sepsi Sfantu Gheorghe', '1-1', 'Stadionul Emil Alexandrescu', '16:00:00', 8000, 6, 'Locuri ocupate in proportie de 75%'),
  (6, 'Gaz Metan Medias', 'FC Voluntari', '2-0', 'Stadionul Gaz Metan', '21:00:00', 10000, 1, 'Vreme rece'),
  (7, 'Hermannstadt', 'Academica Clinceni', '1-3', 'Stadionul Municipal', '18:30:00', 9500, 4, 'Echipa oaspete cu victorie surpriza'),
  (8, 'Botosani', 'U Craiova 1948', '1-1', 'Stadionul Municipal', '19:45:00', 11000, 3, 'Meci echilibrat'),
  (9, 'Dinamo', 'FCSB', '0-2', 'Stadionul Dinamo', '20:00:00', 28000, 5, 'Suporteri agitati'),
  (10, 'CFR Cluj', 'Astra Giurgiu', '4-1', 'Stadionul Dr. Constantin Radulescu', '19:00:00', 22000, 2, 'Dominare clara'),
  (11, 'Chindia Targoviste', 'Gaz Metan Medias', '0-1', 'Stadionul Chindia', '16:30:00', 7500, 1, 'Gol in minutul 87'),
  (12, 'FC Voluntari', 'Hermannstadt', '2-2', 'Stadionul Tineretului', '21:15:00', 9000, 4, 'Oaspetii revin dupa 0-2'),
  (13, 'Sepsi Sfantu Gheorghe', 'Politehnica Iasi', '1-1', 'Stadionul Municipal', '18:45:00', 8800, 3, 'Rezultat corect'),
  (14, 'Academica Clinceni', 'Botosani', '3-0', 'Stadionul Nicolae Dobrin', '20:15:00', 9200, 2, 'Meci fara incidente'),
  (15, 'U Craiova 1948', 'Viitorul', '0-2', 'Stadionul Extensiv', '17:00:00', 13500, 5, 'Echipa gazda dezamagitoare'),
  (16, 'Steaua', 'CFR Cluj', '2-2', 'Arena Nationala', '19:30:00', 31000, 4, 'Derby tensionat'),
  (17, 'Universitatea Craiova', 'Astra Giurgiu', '1-0', 'Stadionul Ion Oblemenco', '20:45:00', 17500, 2, 'Gol marcat in minutul 89'),
  (18, 'FCSB', 'Chindia Targoviste', '3-1', 'Arena Nationala', '18:15:00', 29000, 3, 'Echipa gazda dominatoare'),
  (19, 'Viitorul', 'Gaz Metan Medias', '0-0', 'Stadionul Viitorul', '19:45:00', 11500, 1, 'Rezultat echitabil'),
  (20, 'Politehnica Iasi', 'FC Voluntari', '2-1', 'Stadionul Emil Alexandrescu', '16:30:00', 8200, 4, 'Oaspetii deschid scorul'),
  (21, 'Hermannstadt', 'Botosani', '1-2', 'Stadionul Municipal', '18:45:00', 9600, 3, 'Echipa oaspete intoarce rezultatul'),
  (22, 'Dinamo', 'Sepsi Sfantu Gheorghe', '2-0', 'Stadionul Dinamo', '20:00:00', 27500, 2, 'Echipa gazda revine pe primul loc'),
  (23, 'CFR Cluj', 'FC Voluntari', '5-0', 'Stadionul Dr. Constantin Radulescu', '19:30:00', 21000, 1, 'Dominare clara'),
  (24, 'Chindia Targoviste', 'Hermannstadt', '0-1', 'Stadionul Chindia', '16:00:00', 7200, 2, 'Gol decisiv in prelungiri'),
  (25, 'FC Voluntari', 'Politehnica Iasi', '1-3', 'Stadionul Tineretului', '21:00:00', 8900, 3, 'Oaspetii controleaza meciul'),
  (26, 'Gaz Metan Medias', 'Dinamo', '1-1', 'Stadionul Gaz Metan', '18:30:00', 10200, 4, 'Egal in extremis'),
  (27, 'Hermannstadt', 'Viitorul', '2-2', 'Stadionul Municipal', '19:45:00', 9600, 2, 'Remiza corecta'),
  (28, 'Sepsi Sfantu Gheorghe', 'Steaua', '0-3', 'Stadionul Municipal', '20:15:00', 11000, 1, 'Echipa oaspete in forma'),
  (29, 'Botosani', 'Universitatea Craiova', '2-1', 'Stadionul Nicolae Dobrin', '17:30:00', 12500, 3, 'Echipa gazda previne egalarea'),
  (30, 'Dinamo', 'FCSB', '0-1', 'Stadionul Dinamo', '18:45:00', 26000, 2, 'Gol marcat in minutul 88'),
  (31, 'CFR Cluj', 'Astra Giurgiu', '3-0', 'Stadionul Dr. Constantin Radulescu', '19:00:00', 22000, 1, 'Echipa gazda domina jocul'),
  (32, 'Chindia Targoviste', 'Gaz Metan Medias', '1-2', 'Stadionul Chindia', '20:30:00', 7700, 4, 'Oaspetii revin si castiga'),
  (33, 'FC Voluntari', 'Hermannstadt', '0-0', 'Stadionul Tineretului', '18:00:00', 9300, 3, 'Meci cu putine ocazii de gol'),
  (34, 'Politehnica Iasi', 'Sepsi Sfantu Gheorghe', '1-0', 'Stadionul Emil Alexandrescu', '19:15:00', 8000, 2, 'Gol decisiv in minutul 78'),
  (35, 'Academica Clinceni', 'Botosani', '2-2', 'Stadionul Nicolae Dobrin', '16:30:00', 8600, 4, 'Meci spectaculos'),
  (36, 'U Craiova 1948', 'Viitorul', '2-1', 'Stadionul Extensiv', '21:00:00', 13200, 5, 'Echipa gazda intoarce rezultatul'),
  (37, 'Steaua', 'CFR Cluj', '1-0', 'Arena Nationala', '18:45:00', 30500, 3, 'Gol marcat in minutul 60'),
  (38, 'Universitatea Craiova', 'Astra Giurgiu', '2-2', 'Stadionul Ion Oblemenco', '19:30:00', 17200, 4, 'Echipa gazda pierde avantajul de doua ori'),
  (39, 'FCSB', 'Chindia Targoviste', '4-1', 'Arena Nationala', '20:00:00', 28500, 2, 'Echipa gazda dominanta'),
  (40, 'Viitorul', 'Gaz Metan Medias', '0-1', 'Stadionul Viitorul', '19:15:00', 11800, 1, 'Oaspetii marcheaza in minutul 88'),
  (41, 'Politehnica Iasi', 'FC Voluntari', '1-1', 'Stadionul Emil Alexandrescu', '20:30:00', 8200, 3, 'Egal echitabil'),
  (42, 'Hermannstadt', 'Botosani', '2-0', 'Stadionul Municipal', '18:00:00', 9500, 2, 'Echipa gazda eficienta'),
  (43, 'Dinamo', 'Sepsi Sfantu Gheorghe', '3-2', 'Stadionul Dinamo', '19:45:00', 26500, 5, 'Meci spectaculos'),
  (44, 'CFR Cluj', 'FC Voluntari', '6-0', 'Stadionul Dr. Constantin Radulescu', '21:00:00', 21800, 1, 'Dominare totala'),
  (45, 'Chindia Targoviste', 'Hermannstadt', '1-1', 'Stadionul Chindia', '17:30:00', 7300, 3, 'Rezultat echitabil'),
  (46, 'FC Voluntari', 'Politehnica Iasi', '0-2', 'Stadionul Tineretului', '19:00:00', 8900, 4, 'Oaspetii castiga in deplasare'),
  (47, 'Gaz Metan Medias', 'Dinamo', '1-0', 'Stadionul Gaz Metan', '20:15:00', 10100, 2, 'Gazdele marcheaza inca din prima repriza'),
  (48, 'Hermannstadt', 'Viitorul', '1-3', 'Stadionul Municipal', '18:30:00', 9600, 3, 'Oaspetii domina meciul'),
  (49, 'Sepsi Sfantu Gheorghe', 'Steaua', '0-2', 'Stadionul Municipal', '19:45:00', 11200, 1, 'Echipa oaspete castiga in deplasare'),
  (50, 'Botosani', 'Universitatea Craiova', '1-2', 'Stadionul Nicolae Dobrin', '20:00:00', 12700, 4, 'Echipa oaspete marcheaza in prelungiri');
 
 
 INSERT INTO Etapa (id_etapa, id_meci)
VALUES
  (1, 1),
  (2, 1),
  (3, 2),
  (4, 2),
  (5, 3),
  (6, 3),
  (7, 3),
  (8, 4),
  (9, 4),
  (10, 5),
  (11, 5),
  (12, 6),
  (13, 6),
  (14, 7),
  (15, 7),
  (16, 8),
  (17, 8),
  (18, 9),
  (19, 9),
  (20, 10),
  (21, 10),
  (22, 11),
  (23, 11),
  (24, 12),
  (25, 12),
  (26, 13),
  (27, 13),
  (28, 14),
  (29, 14),
  (30, 15),
  (31, 15),
  (32, 16),
  (33, 16),
  (34, 17),
  (35, 17),
  (36, 18),
  (37, 18),
  (38, 19),
  (39, 19),
  (40, 20),
  (41, 20),
  (42, 21),
  (43, 21),
  (44, 22),
  (45, 22),
  (46, 23),
  (47, 23),
  (48, 24),
  (49, 24),
  (50, 25);
  
  
  INSERT INTO Flota (id_flota, id_autocar)
VALUES
  (1, 1),
  (2, 2),
  (3, 3),
  (4, 4),
  (5, 5),
  (6, 6),
  (7, 7),
  (8, 8),
  (9, 9),
  (10, 10),
  (11, 11),
  (12, 12),
  (13, 13),
  (14, 14),
  (15, 15),
  (16, 16),
  (17, 17),
  (18, 18),
  (19, 19),
  (20, 20),
  (21, 21),
  (22, 22),
  (23, 23),
  (24, 24),
  (25, 25),
  (26, 26),
  (27, 27),
  (28, 28),
  (29, 29),
  (30, 30),
  (31, 31),
  (32, 32),
  (33, 33),
  (34, 34),
  (35, 35),
  (36, 36),
  (37, 37),
  (38, 38),
  (39, 39),
  (40, 40),
  (41, 41),
  (42, 42),
  (43, 43),
  (44, 44),
  (45, 45),
  (46, 46),
  (47, 47),
  (48, 48),
  (49, 49),
  (50, 50);
  
  
  INSERT INTO Liga (id_liga, id_etapa)
VALUES
  (1, 1),
  (2, 2),
  (3, 3),
  (4, 4),
  (5, 5),
  (6, 6),
  (7, 7),
  (8, 8),
  (9, 9),
  (10, 10),
  (11, 11),
  (12, 12),
  (13, 13),
  (14, 14),
  (15, 15),
  (16, 16),
  (17, 17),
  (18, 18),
  (19, 19),
  (20, 20),
  (21, 21),
  (22, 22),
  (23, 23),
  (24, 24),
  (25, 25),
  (26, 26),
  (27, 27),
  (28, 28),
  (29, 29),
  (30, 30),
  (31, 31),
  (32, 32),
  (33, 33),
  (34, 34),
  (35, 35),
  (36, 36),
  (37, 37),
  (38, 38),
  (39, 39),
  (40, 40),
  (41, 41),
  (42, 42),
  (43, 43),
  (44, 44),
  (45, 45),
  (46, 46),
  (47, 47),
  (48, 48),
  (49, 49),
  (50, 50);
  
  
  INSERT INTO Stadion (id_stadion, nume_stadion, an_constructie, numar_locuri, tip_iluminare, tip_gazon)
VALUES
  (1, 'Stadionul National', '1953-08-23', 55000, 'Natural', 'Gazon natural'),
  (2, 'Arena Nationala', '2011-09-06', 55345, 'Artificial', 'Gazon sintetic'),
  (3, 'Stadionul Ion Oblemenco', '1967-04-29', 30917, 'Natural', 'Gazon hibrid'),
  (4, 'Stadionul Viitorul', '2014-06-18', 4000, 'Natural', 'Gazon natural'),
  (5, 'Stadionul Emil Alexandrescu', '1967-12-03', 11855, 'Artificial', 'Gazon sintetic'),
  (6, 'Stadionul Gaz Metan', '2008-07-17', 8137, 'Natural', 'Gazon hibrid'),
  (7, 'Stadionul Municipal', '1960-05-01', 12000, 'Natural', 'Gazon natural'),
  (8, 'Stadionul Dinamo', '1952-05-14', 15532, 'Artificial', 'Gazon sintetic'),
  (9, 'Stadionul Dr. Constantin Radulescu', '1973-07-01', 23500, 'Natural', 'Gazon hibrid'),
  (10, 'Stadionul Chindia', '2020-08-12', 4600, 'Artificial', 'Gazon sintetic'),
  (11, 'Stadionul Tineretului', '1953-11-29', 12300, 'Natural', 'Gazon natural'),
  (12, 'Stadionul Nicolae Dobrin', '1968-09-22', 15000, 'Artificial', 'Gazon sintetic'),
  (13, 'Stadionul Extensiv', '2013-02-14', 11500, 'Natural', 'Gazon hibrid'),
  (14, 'Stadionul Zimbru', '2006-04-01', 10500, 'Artificial', 'Gazon sintetic'),
  (15, 'Stadionul Dinamo-2', '1950-07-23', 6000, 'Natural', 'Gazon natural'),
  (16, 'Stadionul Stefan cel Mare', '2015-11-10', 20452, 'Artificial', 'Gazon sintetic'),
  (17, 'Stadionul Ghencea', '1974-08-9', 14194, 'Natural', 'Gazon hibrid'),
  (18, 'Stadionul Unirea', '2009-12-15', 7500, 'Artificial', 'Gazon sintetic'),
  (19, 'Stadionul Ilie Oana', '2002-06-09', 15500, 'Natural', 'Gazon natural'),
  (20, 'Stadionul Cotroceni', '1969-03-25', 6500, 'Artificial', 'Gazon sintetic'),
  (21, 'Stadionul Steaua', '1974-05-9', 28050, 'Natural', 'Gazon hibrid'),
  (22, 'Stadionul Pitesti', '1980-10-15', 13485, 'Artificial', 'Gazon sintetic'),
  (23, 'Stadionul Otelul', '1970-11-30', 16000, 'Natural', 'Gazon natural'),
  (24, 'Stadionul Olimpia', '1995-07-07', 8200, 'Artificial', 'Gazon sintetic'),
  (25, 'Stadionul Sfintu Gheorghe', '1985-04-01', 7500, 'Natural', 'Gazon hibrid'),
  (26, 'Stadionul Zalau', '1998-06-13', 10200, 'Artificial', 'Gazon sintetic'),
  (27, 'Stadionul Ramnicu Valcea', '1982-08-25', 10500, 'Natural', 'Gazon natural'),
  (28, 'Stadionul Braila', '2001-11-14', 9800, 'Artificial', 'Gazon sintetic'),
  (29, 'Stadionul Ploiesti', '1989-12-10', 12000, 'Natural', 'Gazon hibrid'),
  (30, 'Stadionul Buzau', '2004-03-27', 8500, 'Artificial', 'Gazon sintetic'),
  (31, 'Stadionul Baia Mare', '1993-09-18', 13500, 'Natural', 'Gazon natural'),
  (32, 'Stadionul Targu Mures', '2007-05-19', 15500, 'Artificial', 'Gazon sintetic'),
  (33, 'Stadionul Alba Iulia', '1987-06-11', 9200, 'Natural', 'Gazon hibrid'),
  (34, 'Stadionul Deva', '1996-03-30', 7800, 'Artificial', 'Gazon sintetic'),
  (35, 'Stadionul Resita', '1981-01-14', 9900, 'Natural', 'Gazon natural'),
  (36, 'Stadionul Cluj', '2000-04-27', 25000, 'Artificial', 'Gazon sintetic'),
  (37, 'Stadionul Timisoara', '1991-07-03', 15700, 'Natural', 'Gazon hibrid'),
  (38, 'Stadionul Oradea', '2005-10-09', 8300, 'Artificial', 'Gazon sintetic'),
  (39, 'Stadionul Arad', '1978-03-16', 11000, 'Natural', 'Gazon natural'),
  (40, 'Stadionul Sibiu', '1997-12-01', 9700, 'Artificial', 'Gazon sintetic'),
  (41, 'Stadionul Brasov', '1984-09-28', 12500, 'Natural', 'Gazon hibrid'),
  (42, 'Stadionul Fagaras', '2003-06-22', 8600, 'Artificial', 'Gazon sintetic'),
  (43, 'Stadionul Piatra Neamt', '1976-05-18', 14000, 'Natural', 'Gazon natural'),
  (44, 'Stadionul Bistrita', '2008-08-13', 9200, 'Artificial', 'Gazon sintetic'),
  (45, 'Stadionul Galati', '1988-02-11', 11500, 'Natural', 'Gazon hibrid'),
  (46, 'Stadionul Tulcea', '1999-04-04', 8100, 'Artificial', 'Gazon sintetic'),
  (47, 'Stadionul Suceava', '1972-11-23', 10500, 'Natural', 'Gazon natural'),
  (48, 'Stadionul Vaslui', '2006-01-17', 9800, 'Artificial', 'Gazon sintetic'),
  (49, 'Stadionul Pitesti', '1983-10-20', 12000, 'Natural', 'Gazon hibrid'),
  (50, 'Stadionul Ploiesti', '2002-03-07', 8900, 'Artificial', 'Gazon sintetic');
  
  
  INSERT INTO Academie (id_academie, nume_academie, numar_copii, limita_varsta)
VALUES
  (1, 'Academia Steaua', 120, 14),
  (2, 'Academia Dinamo', 100, 15),
  (3, 'Academia Universitatea Craiova', 80, 13),
  (4, 'Academia Rapid', 90, 14),
  (5, 'Academia CFR Cluj', 110, 16),
  (6, 'Academia FC Voluntari', 75, 13),
  (7, 'Academia FCSB', 95, 15),
  (8, 'Academia Politehnica Iasi', 85, 14),
  (9, 'Academia Chindia Targoviste', 70, 13),
  (10, 'Academia Hermannstadt', 105, 16),
  (11, 'Academia Botosani', 80, 14),
  (12, 'Academia Gaz Metan Medias', 65, 13),
  (13, 'Academia Viitorul', 110, 15),
  (14, 'Academia Sepsi Sfantu Gheorghe', 75, 14),
  (15, 'Academia Astra Giurgiu', 90, 15),
  (16, 'Academia FC Arges', 100, 14),
  (17, 'Academia Mioveni', 80, 13),
  (18, 'Academia CSMS Iasi', 95, 15),
  (19, 'Academia FC Botosani', 105, 14),
  (20, 'Academia ACS Poli Timisoara', 70, 16),
  (21, 'Academia CS U Craiova', 115, 14),
  (22, 'Academia Farul Constanta', 85, 15),
  (23, 'Academia UTA Arad', 75, 14),
  (24, 'Academia CFR Cluj-Napoca', 90, 13),
  (25, 'Academia FC Hermannstadt', 105, 15),
  (26, 'Academia FC Bucuresti', 80, 14),
  (27, 'Academia FC Brasov', 95, 15),
  (28, 'Academia FC Oradea', 70, 13),
  (29, 'Academia FC Pitesti', 110, 16),
  (30, 'Academia FC Ploiesti', 75, 14),
  (31, 'Academia FC Sibiu', 90, 15),
  (32, 'Academia FC Targu Mures', 105, 14),
  (33, 'Academia FC Zalau', 80, 13),
  (34, 'Academia SCM Craiova', 95, 15),
  (35, 'Academia SCM Arges', 115, 14),
  (36, 'Academia SCM Bucuresti', 85, 15),
  (37, 'Academia SCM Galati', 70, 16),
  (38, 'Academia SCM Iasi', 100, 14),
  (39, 'Academia SCM Timisoara', 75, 13),
  (40, 'Academia SCM Targu Mures', 90, 15),
  (41, 'Academia SCM Pitesti', 105, 14),
  (42, 'Academia SCM Ploiesti', 80, 13),
  (43, 'Academia SCM Sibiu', 95, 15),
  (44, 'Academia SCM Targoviste', 110, 14),
  (45, 'Academia SCM Focsani', 70, 16),
  (46, 'Academia SCM Zalau', 85, 15),
  (47, 'Academia SCM Bacau', 75, 14),
  (48, 'Academia SCM Galati', 95, 15),
  (49, 'Academia SCM Arad', 105, 14),
  (50, 'Academia SCM Resita', 80, 13);
  
  
  INSERT INTO Echipa (id_echipa, nume_echipa, id_liga, id_stadion, id_academie, id_flota)
VALUES
  (1, 'Echipa 1', 1, 1, 1, 1),
  (2, 'Echipa 2', 2, 2, 2, 2),
  (3, 'Echipa 3', 3, 3, 3, 3),
  (4, 'Echipa 4', 4, 4, 4, 4),
  (5, 'Echipa 5', 5, 5, 5, 5),
  (6, 'Echipa 6', 6, 6, 6, 6),
  (7, 'Echipa 7', 7, 7, 7, 7),
  (8, 'Echipa 8', 8, 8, 8, 8),
  (9, 'Echipa 9', 9, 9, 9, 9),
  (10, 'Echipa 10', 10, 10, 10, 10),
  (11, 'Echipa 11', 11, 11, 11, 11),
  (12, 'Echipa 12', 12, 12, 12, 12),
  (13, 'Echipa 13', 13, 13, 13, 13),
  (14, 'Echipa 14', 14, 14, 14, 14),
  (15, 'Echipa 15', 15, 15, 15, 15),
  (16, 'Echipa 16', 16, 16, 16, 16),
  (17, 'Echipa 17', 17, 17, 17, 17),
  (18, 'Echipa 18', 18, 18, 18, 18),
  (19, 'Echipa 19', 19, 19, 19, 19),
  (20, 'Echipa 20', 20, 20, 20, 20),
  (21, 'Echipa 21', 21, 21, 21, 21),
  (22, 'Echipa 22', 22, 22, 22, 22),
  (23, 'Echipa 23', 23, 23, 23, 23),
  (24, 'Echipa 24', 24, 24, 24, 24),
  (25, 'Echipa 25', 25, 25, 25, 25),
  (26, 'Echipa 26', 26, 26, 26, 26),
  (27, 'Echipa 27', 27, 27, 27, 27),
  (28, 'Echipa 28', 28, 28, 28, 28),
  (29, 'Echipa 29', 29, 29, 29, 29),
  (30, 'Echipa 30', 30, 30, 30, 30),
  (31, 'Echipa 31', 31, 31, 31, 31),
  (32, 'Echipa 32', 32, 32, 32, 32),
  (33, 'Echipa 33', 33, 33, 33, 33),
  (34, 'Echipa 34', 34, 34, 34, 34),
  (35, 'Echipa 35', 35, 35, 35, 35),
  (36, 'Echipa 36', 36, 36, 36, 36),
  (37, 'Echipa 37', 37, 37, 37, 37),
  (38, 'Echipa 38', 38, 38, 38, 38),
  (39, 'Echipa 39', 39, 39, 39, 39),
  (40, 'Echipa 40', 40, 40, 40, 40),
  (41, 'Echipa 41', 41, 41, 41, 41),
  (42, 'Echipa 42', 42, 42, 42, 42),
  (43, 'Echipa 43', 43, 43, 43, 43),
  (44, 'Echipa 44', 44, 44, 44, 44),
  (45, 'Echipa 45', 45, 45, 45, 45),
  (46, 'Echipa 46', 46, 46, 46, 46),
  (47, 'Echipa 47', 47, 47, 47, 47),
  (48, 'Echipa 48', 48, 48, 48, 48),
  (49, 'Echipa 49', 49, 49, 49, 49),
  (50, 'Echipa 50', 50, 50, 50, 50);
  
  
  INSERT INTO Personal (id_personal, nume_personal, prenume_personal, id_echipa, functie, anul_nasterii, ani_experienta)VALUES
(1, 'Popescu', 'Ion', 1, 'Antrenor', '1980-05-15', 10),
(2, 'Ionescu', 'Maria', 2, 'Preparator Fizic', '1985-02-20', 8),   
(3, 'Vlad', 'Andrei', 3, 'Medic', '1975-10-10', 15),   
(4, 'Stanescu', 'Elena', 4, 'Manager Echipa', '1972-08-03', 20),   
(5, 'Popa', 'Vasile', 5, 'Analist', '1990-12-08', 5),   
(6, 'Ionescu', 'Ana', 6, 'Fizioterapeut', '1988-04-25', 7),   
(7, 'Radulescu', 'Mihai', 7, 'Antrenor Portari', '1978-06-14', 12),   
(8, 'Dobre', 'Laura', 8, 'Scouter', '1995-09-30', 3),   
(9, 'Florescu', 'Cristian', 9, 'Nutriționist', '1982-11-18', 9),   
(10, 'Gheorghe', 'Andreea', 10, 'Analist', '1987-07-22', 6),   
(11, 'Popescu', 'Marian', 11, 'Antrenor', '1983-03-17', 11),   
(12, 'Dinu', 'Gabriela', 12, 'Preparator Fizic', '1989-01-12', 5),   
(13, 'Radu', 'Costin', 13, 'Medic', '1973-04-05', 18),   
(14, 'Popa', 'Denisa', 14, 'Manager Echipa', '1970-09-28', 22),   
(15, 'Ionescu', 'Bogdan', 15, 'Analist', '1992-06-07', 4),   
(16, 'Stanescu', 'Alexandra', 16, 'Fizioterapeut', '1986-08-19', 8),  
 (17, 'Dumitrescu', 'Razvan', 17, 'Antrenor Portari', '1976-12-11', 14),   
(18, 'Andrei', 'Gabriela', 18, 'Scouter', '1993-03-25', 6),   
(19, 'Iordache', 'Catalin', 19, 'Nutriționist', '1980-01-14', 13),   
(20, 'Dumitru', 'Larisa', 20, 'Analist', '1988-10-02', 7),   
(21, 'Balan', 'Mihai', 21, 'Antrenor', '1985-07-15', 9),  
 (22, 'Georgescu', 'Ana', 22, 'Preparator Fizic', '1990-04-09', 5),  
 (23, 'Stanciu', 'Razvan', 23, 'Medic', '1974-11-23', 16),   
(24, 'Radu', 'Elena', 24, 'Manager Echipa', '1971-02-28', 21), 
  (25, 'Popescu', 'Alexandru', 25, 'Analist', '1991-09-10', 3),   
(26, 'Vasilescu', 'Andreea', 26, 'Fizioterapeut', '1987-05-04', 9),  
 (27, 'Ionescu', 'Marius', 27, 'Antrenor Portari', '1979-08-17', 13),   
(28, 'Florea', 'Cristina', 28, 'Scouter', '1996-01-30', 4),   
(29, 'Gheorghiu', 'Andrei', 29, 'Nutriționist', '1983-10-21', 11),   
(30, 'Dumitrescu', 'Ioana', 30, 'Analist', '1989-07-03', 6),   
(31, 'Nicolae', 'Gabriel', 31, 'Antrenor', '1984-04-18', 10),   
(32, 'Dinu', 'Mihaela', 32, 'Preparator Fizic', '1992-12-12', 4),   
(33, 'Stan', 'Alina', 33, 'Medic', '1977-03-27', 17),   
(34, 'Popa', 'Radu', 34, 'Manager Echipa', '1973-06-29', 19),  
 (35, 'Dumitru', 'Larisa', 35, 'Analist', '1990-09-11', 8),   
(36, 'Balan', 'Andrei', 36, 'Fizioterapeut', '1986-11-13', 7),  
 (37, 'Georgescu', 'Maria', 37, 'Antrenor Portari', '1974-02-22', 15),   
(38, 'Stanciu', 'Catalin', 38, 'Scouter', '1997-05-16', 3),   
(39, 'Radu', 'Elena', 39, 'Nutriționist', '1981-08-08', 12),   
(40, 'Popescu', 'Alexandru', 40, 'Analist', '1988-01-01', 5),  
 (41, 'Vasilescu', 'Andreea', 41, 'Antrenor', '1983-10-20', 10),   
(42, 'Ionescu', 'Marius', 42, 'Preparator Fizic', '1989-05-22', 6),  
 (43, 'Florea', 'Cristina', 43, 'Medic', '1975-04-13', 14),   
(44, 'Gheorghiu', 'Andrei', 44, 'Manager Echipa', '1970-07-26', 18),   
(45, 'Dumitrescu', 'Ioana', 45, 'Analist', '1996-02-18', 4),   
(46, 'Nicolae', 'Gabriel', 46, 'Fizioterapeut', '1984-11-30', 9),   
(47, 'Dinu', 'Mihaela', 47, 'Antrenor Portari', '1977-06-25', 12),   
(48, 'Stan', 'Alina', 48, 'Scouter', '1993-09-07', 5),   
(49, 'Popa', 'Radu', 49, 'Nutriționist', '1981-12-03', 11),   
(50, 'Dumitru', 'Larisa', 50, 'Analist', '1988-03-14', 7);


INSERT INTO Sponsor (id_sponsor, nume_sponsor, domeniu_activitate, id_echipa, buget_anual, cifra_afaceri, experienta)
VALUES
  (1, 'Sponsor 1', 'IT', 1, '50000', '1000000', 5),
  (2, 'Sponsor 2', 'Energie', 2, '70000', '1500000', 8),
  (3, 'Sponsor 3', 'Alimentație', 3, '40000', '800000', 3),
  (4, 'Sponsor 4', 'Auto', 4, '60000', '1200000', 6),
  (5, 'Sponsor 5', 'Telecomunicații', 5, '55000', '1100000', 4),
  (6, 'Sponsor 6', 'Modă', 6, '45000', '900000', 2),
  (7, 'Sponsor 7', 'Farmaceutice', 7, '80000', '1800000', 10),
  (8, 'Sponsor 8', 'Financiar', 8, '75000', '1600000', 7),
  (9, 'Sponsor 9', 'Tehnologie', 9, '48000', '950000', 5),
  (10, 'Sponsor 10', 'Turism', 10, '65000', '1300000', 9),
  (11, 'Sponsor 11', 'Educație', 11, '53000', '1050000', 6),
  (12, 'Sponsor 12', 'Sport', 12, '42000', '850000', 3),
  (13, 'Sponsor 13', 'Sanatate', 13, '78000', '1700000', 8),
  (14, 'Sponsor 14', 'IT', 14, '55000', '1100000', 4),
  (15, 'Sponsor 15', 'Energie', 15, '67000', '1400000', 7),
  (16, 'Sponsor 16', 'Alimentație', 16, '39000', '750000', 2),
  (17, 'Sponsor 17', 'Auto', 17, '58000', '1150000', 5),
  (18, 'Sponsor 18', 'Telecomunicații', 18, '62000', '1250000', 6),
  (19, 'Sponsor 19', 'Modă', 19, '43000', '880000', 3),
  (20, 'Sponsor 20', 'Farmaceutice', 20, '72000', '1550000', 9),
  (21, 'Sponsor 21', 'Financiar', 21, '69000', '1450000', 8),
  (22, 'Sponsor 22', 'Tehnologie', 22, '50000', '1000000', 4),
  (23, 'Sponsor 23', 'Turism', 23, '64000', '1350000', 7),
  (24, 'Sponsor 24', 'Educație', 24, '52000', '1100000', 5),
  (25, 'Sponsor 25', 'Sport', 25, '41000', '830000', 2),
  (26, 'Sponsor 26', 'Sanatate', 26, '77000', '1650000', 10),
  (27, 'Sponsor 27', 'IT', 27, '54000', '1070000', 5),
  (28, 'Sponsor 28', 'Energie', 28, '66000', '1370000', 7),
  (29, 'Sponsor 29', 'Alimentație', 29, '40000', '800000', 3),
  (30, 'Sponsor 30', 'Auto', 30, '59000', '1180000', 6),
  (31, 'Sponsor 31', 'Telecomunicații', 31, '61000', '1230000', 6),
  (32, 'Sponsor 32', 'Modă', 32, '44000', '900000', 3),
  (33, 'Sponsor 33', 'Farmaceutice', 33, '79000', '1720000', 9),
  (34, 'Sponsor 34', 'Financiar', 34, '70000', '1500000', 8),
  (35, 'Sponsor 35', 'Tehnologie', 35, '51000', '1020000', 4),
  (36, 'Sponsor 36', 'Turism', 36, '66000', '1370000', 7),
  (37, 'Sponsor 37', 'Educație', 37, '53000', '1100000', 5),
  (38, 'Sponsor 38', 'Sport', 38, '42000', '850000', 2),
  (39, 'Sponsor 39', 'Sanatate', 39, '80000', '1800000', 10),
  (40, 'Sponsor 40', 'IT', 40, '55000', '1100000', 4),
  (41, 'Sponsor 41', 'Energie', 41, '67000', '1400000', 7),
  (42, 'Sponsor 42', 'Alimentație', 42, '39000', '750000', 2),
  (43, 'Sponsor 43', 'Auto', 43, '58000', '1150000', 5),
  (44, 'Sponsor 44', 'Telecomunicații', 44, '62000', '1250000', 6),
  (45, 'Sponsor 45', 'Modă', 45, '43000', '880000', 3),
  (46, 'Sponsor 46', 'Farmaceutice', 46, '72000', '1550000', 9),
  (47, 'Sponsor 47', 'Financiar', 47, '69000', '1450000', 8),
  (48, 'Sponsor 48', 'Tehnologie', 48, '50000', '1000000', 4),
  (49, 'Sponsor 49', 'Turism', 49, '64000', '1350000', 7),
  (50, 'Sponsor 50', 'Turism', 50, '55000', '1350000', 7);
  
  
  INSERT INTO Jucator (id_jucator, prenume, nume, id_echipa, pozitie, numar_trofee, an_nastere, numar_tricou)
VALUES
  (1, 'Alexandru', 'Popescu', 1, 'Atacant', 3, '1990-03-15', 10),
  (2, 'Andrei', 'Ionescu', 2, 'Mijlocaș', 2, '1995-05-20', 8),
  (3, 'Cristina', 'Vlad', 3, 'Portar', 1, '1988-08-10', 1),
  (4, 'Elena', 'Stanescu', 4, 'Fundaș', 4, '1985-11-25', 5),
  (5, 'Vasile', 'Popa', 5, 'Mijlocaș', 0, '1993-04-08', 7),
  (6, 'Ana', 'Ionescu', 6, 'Atacant', 2, '1987-09-12', 9),
  (7, 'Mihai', 'Radulescu', 7, 'Portar', 4, '1982-12-17', 1),
  (8, 'Laura', 'Dobre', 8, 'Fundaș', 3, '1998-02-28', 6),
  (9, 'Cristian', 'Florescu', 9, 'Mijlocaș', 1, '1990-06-14', 8),
  (10, 'Andreea', 'Gheorghe', 10, 'Atacant', 0, '1996-09-30', 11),
  (11, 'Marian', 'Popescu', 11, 'Mijlocaș', 5, '1984-01-15', 7),
  (12, 'Gabriela', 'Dinu', 12, 'Fundaș', 3, '1989-03-20', 4),
  (13, 'Costin', 'Radu', 13, 'Portar', 2, '1975-06-05', 1),
  (14, 'Denisa', 'Popa', 14, 'Atacant', 1, '1970-09-18', 9),
  (15, 'Bogdan', 'Ionescu', 15, 'Mijlocaș', 4, '1992-12-07', 6),
  (16, 'Alexandra', 'Stanescu', 16, 'Portar', 3, '1986-03-19', 1),
  (17, 'Razvan', 'Dumitrescu', 17, 'Fundaș', 2, '1976-05-11', 5),
  (18, 'Gabriela', 'Andrei', 18, 'Mijlocaș', 1, '1993-10-25', 8),
  (19, 'Catalin', 'Iordache', 19, 'Atacant', 0, '1980-02-14', 10),
  (20, 'Larisa', 'Dumitru', 20, 'Mijlocaș', 2, '1988-11-02', 7),
  (21, 'Mihai', 'Balan', 21, 'Fundaș', 5, '1985-07-15', 4),
  (22, 'Ana', 'Georgescu', 22, 'Portar', 1, '1990-04-09', 1),
  (23, 'Razvan', 'Stanciu', 23, 'Atacant', 3, '1974-11-23', 9),
  (24, 'Elena', 'Radu', 24, 'Mijlocaș', 2, '1971-02-28', 6),
  (25, 'Alexandru', 'Popescu', 25, 'Portar', 4, '1991-09-10', 1),
  (26, 'Andreea', 'Vasilescu', 26, 'Fundaș', 1, '1987-05-04', 5),
  (27, 'Marius', 'Ionescu', 27, 'Mijlocaș', 2, '1979-08-17', 7),
  (28, 'Cristina', 'Florea', 28, 'Atacant', 3, '1996-01-30', 8),
  (29, 'Andrei', 'Gheorghiu', 29, 'Fundaș', 1, '1983-10-21', 4),
  (30, 'Ioana', 'Dumitrescu', 30, 'Mijlocaș', 0, '1989-07-03', 6),
  (31, 'Gabriel', 'Nicolae', 31, 'Atacant', 2, '1984-04-18', 10),
  (32, 'Mihaela', 'Dinu', 32, 'Portar', 3, '1992-12-12', 1),
  (33, 'Alina', 'Stan', 33, 'Fundaș', 5, '1977-03-27', 5),
  (34, 'Radu', 'Popa', 34, 'Mijlocaș', 4, '1973-06-29', 7),
  (35, 'Larisa', 'Dumitru', 35, 'Portar', 2, '1990-09-11', 1),
  (36, 'Andrei', 'Balan', 36, 'Fundaș', 3, '1986-11-13', 4),
  (37, 'Maria', 'Georgescu', 37, 'Atacant', 1, '1974-02-22', 9),
  (38, 'Catalin', 'Stanciu', 38, 'Mijlocaș', 0, '1997-05-16', 8),
  (39, 'Elena', 'Radu', 39, 'Fundaș', 2, '1981-08-08', 4),
  (40, 'Alexandru', 'Popescu', 40, 'Portar', 3, '1988-01-01', 1),
  (41, 'Andreea', 'Vasilescu', 41, 'Atacant', 2, '1983-10-20', 7),
  (42, 'Marius', 'Ionescu', 42, 'Mijlocaș', 4, '1989-05-22', 6),
  (43, 'Cristina', 'Florea', 43, 'Fundaș', 1, '1975-04-13', 3),
  (44, 'Andrei', 'Gheorghiu', 44, 'Portar', 5, '1970-07-26', 1),
  (45, 'Ioana', 'Dumitrescu', 45, 'Mijlocaș', 3, '1996-02-18', 8),
  (46, 'Gabriel', 'Nicolae', 46, 'Atacant', 2, '1984-11-30', 10),
  (47, 'Mihaela', 'Dinu', 47, 'Portar', 1, '1977-06-25', 1),
  (48, 'Alina', 'Stan', 48, 'Fundaș', 4, '1993-09-07', 5),
  (49, 'Radu', 'Popa', 49, 'Mijlocaș', 2, '1981-12-03', 7),
  (50, 'Larisa', 'Dumitru', 50, 'Portar', 3, '1988-03-14', 1);
  
 
